{"cameraMode":{"drawMode":0,"name":"Shaded","section":"Shading Mode"},"sceneLighting":true,"audioPlay":false,"sceneViewState":{"showFog":false,"showMaterialUpdate":false,"showSkybox":false,"showFlares":false,"showImageEffects":false,"showParticleSystems":false},"in2DMode":false,"pivot":{"x":199.32337951660157,"y":372.18878173828127,"z":-212.201171875},"rotation":{"x":-0.28401753306388857,"y":-0.04688304290175438,"z":0.013904993422329426,"w":-0.9576636552810669},"size":433.8619079589844,"orthographic":false}