{"cameraMode":{"drawMode":0,"name":"Shaded","section":"Shading Mode"},"sceneLighting":true,"audioPlay":false,"sceneViewState":{"showFog":false,"showMaterialUpdate":false,"showSkybox":false,"showFlares":false,"showImageEffects":false,"showParticleSystems":false},"in2DMode":false,"pivot":{"x":1.67759370803833,"y":-1.3767646551132203,"z":1.2599949836730958},"rotation":{"x":-0.1794274002313614,"y":-0.5740405917167664,"z":0.13067004084587098,"w":-0.7882793545722961},"size":5.112889766693115,"orthographic":false}